ObjectID	Name	1	2
zbc		ahoj	aho
abc	Item0	ahoj	aho
abc		bhoj	bho
abc		choj	cho
abc	Item1	dhoj	dho
abc	Item2	ehoj	eho
bbc		ahoj	aho
cbc		ahoj	aho
dbc	Item0	ahoj	aho
dbc		bhoj	bho
dbc	Item1	dhoj	dho
dbc	Item2	ehoj	eho
dbc		ahoj	aho
dbc		bhoj	bho
ebc		bhoj	bho
ebc		choj	cho
ebc	Item1	dhoj	dho
ebc	Item2	ehoj	eho
fbc		bhoj	bho
gbc	Item1	dhoj	dho
gbc	Item2	ehoj	eho
hbc		ahoj	aho
hbc		bhoj	bho
hbc		choj	bho
ibc	Item1	ahoj	dho
jbc	Item2	bhoj	eho
jbc	Item3	ahoj	dho
jbc	Item4	bhoj	eho
jbc		choj	bho
jbc	Item5	choj	bho
kbc		dhoj	dho
cbc		ahojk	aho
dbc	Item0	ahojk	aho
dbc		bhojk	bho
dbc	Item1	dhojk	dho
dbc	Item2	ehojk	eho
dbc		ahojk	aho
dbc		bhojk	bho
ebc		bhojk	bho
ebc		chojk	cho
ebc	Item1	dhojk	dho
ebc	Item2	ehojk	eho
fbc		bhojk	bho
gbc	Item1	dhojk	dho
gbc	Item2	ehojk	eho
hbc		ahojk	aho
hbc		bhojk	bho
hbc		chojk	bho
ibc	Item1	ahojk	dho
jbc	Item2	bhojk	eho
jbc	Item3	ahojk	dho
jbc	Item4	bhojk	eho
jbc		chojk	bho
jbc	Item5	chojk	bho
kbc		dhojk	dho
